Nucleic Acid Target,Biomolecule Type,Structure Type,Sequence (5' to 3'),Hit Rate,Selective Hit Rate
KRAS,DNA,G-quadruplex,AGGGCGGTGTGGGAAGAGGGAAGAGGGGGAGGCAG,0.53,0.11
MTOR,DNA,G-quadruplex,GGGGAAGGCGGGCGGTGGGGCAGGGGG,0.31,0.09
MYB,DNA,G-quadruplex,GGAGGAGGAGGTCACGGAGGAGGAGGAGAAGGAGGAGGAGGA,0.34,0.04
MYC_Pu22,DNA,G-quadruplex,AGGGTGGGGAGGGTGGGG,0.27,0.05
VEGF,DNA,G-quadruplex,CGGGGCGGGCCGGGGGCGGGGT,0.48,0.08
RB1,DNA,G-quadruplex,CGGGGGGTTTTGGGCGGC,0.49,0.07
BCL2,DNA,G-quadruplex,AGGGGCGGGCGCGGGAGGAAGGGGGCGGGA,0.45,0.06
CKIT,DNA,G-quadruplex,AGGGAGGGCGCTGGGAGGAGGG,0.34,0.04
MYCN,DNA,G-quadruplex,AGGGGGTGGGAGGGGGCATGCAGATGCAGGGGGT,0.85,0.52
NRAS,RNA,G-quadruplex,UGUGGGAGGGGCGGGUCUGGG,0.5,0.08
TERRA,RNA,G-quadruplex,GGGUUAGGGU,0.54,0.05
EWSR1,RNA,G-quadruplex,GGGGCAGGGGAAGAGGGGG,1.19,0.46
AKTIP,RNA,G-quadruplex,GGGGUGGGGCGGGGCGGGG,0.91,0.2
Zika_NS5,RNA,G-quadruplex,GUGGAGGUGGGACGGGAGAGACUCUGGGAGA,0.7,0.23
Zika3PrimeUTR,RNA,G-quadruplex,GCGGCGGCCGGUGUGGGGAA,0.82,0.3
FGFR,RNA,Hairpin,GCUCUUGCUUCGCUUGUUUUCUAGGCCGCCGGUGUUAACACCACGGACAAAGAGC,0.42,0.15
KLF6_wt,RNA,Hairpin,GCUGGCAAUCACGUGCCAGC,0.3,0.07
KLF6_mut,RNA,Hairpin,GCUGGCAAUCACAUGCCAGC,0.37,0.11
BCL_XL,RNA,Hairpin,UUGGAUCCAGGAGAACGGCGGCU,0.36,0.05
BCL_XL_SS,RNA,Hairpin,AGCCUUGGAUCCAGGAGAACGGCGGCUGGGUAAGAACCAAGCCCUUGUGUGUCCCUUUUCUUUGGCCUC,0.9,0.31
RRE2B,RNA,Hairpin,UGGGCGCAGUGUCAUUGACGCUGACGGUACA,0.82,0.31
RRE2B_MeA,RNA,Hairpin,UGGGCGCAGUGUCAUUG(m6A)CGCUG(m6A)CGGUACA,0.96,0.39
Pre_miR_21,RNA,Hairpin,GGGUUGACUGUUGAAUCUCAUGGCAACCC,0.34,0.1
Pre_miR_17,RNA,Hairpin,CAAAGUGCUUACAGUGCAGGUAGUGAUAUGUGCAUCUACUGCAGUGAAGGCACUUGUAG,0.33,0.11
Pre_miR_31,RNA,Hairpin,AGGCAAGAUGCUGGCAUAGCUGUUGAACUGGGAACCUGCUAUGCCAACAUAUUGCCAUC,0.36,0.08
HIV_SL3,RNA,Hairpin,GACUAGCGGAGGCUAGAA,0.72,0.31
HBV,RNA,Hairpin,GGUUCAUGUCCUACUGUUCAAGCCUCCAAGCUGUGCCUUGGGUGGCUUUGGGGCAUGGACC,0.22,0.07
Pro_wt,RNA,Hairpin,GAGCCCAGGUGGGCGGACCCAUCUCCUCUGGCUC,0.3,0.14
Pro_mut,RNA,Hairpin,GAGCCCAGGUGGGUGGACCCAUCUCCUCUGGCUC,0.25,0.08
PreQ1,RNA,Pseudoknot,AGAGGUUCUAGCUACACCCUCUAUAAAAAACUAA,0.68,0.25
SAM_ll,RNA,Pseudoknot,UCGCGCUGAUUUAACCGUAUUGCAAGCGCGUGAUAAAUGUAGCUAAAAAGGG,0.95,0.35
ZTP,RNA,Pseudoknot,UAUCAGUUAUAUGACUGACGGAACGUGGAAUUAACCACAUGAAGUAUAACGAUGACAAUGCCGACCGUCUGGGCGAACA,0.91,0.39
TPP,RNA,Three-way junction,CAGUACUCGGGGUGCCCUUCUGCGUGAAGGCUGAGAAAUACCCGUAUCACCUGAUCUGGAUAAUGCCAGCGUAGGGAAGUGCUG,0.66,0.11
Glutamine_RS,RNA,Three-way junction,UAAUCGUUGGCCCAGUUUAUCUGGGUGGAAGUAAGGUCUUUGGCCUGAAGCAACGCGCCUC,0.91,0.35
MALAT1,RNA,Triple helix,AAAGGUUUUUCUUUUCCUGAGAAAUUUCUCAGGUUUUGCUUUUUAAAAAAAAAGCAAAA,0.78,0.22
ENE_A9,RNA,Triple helix,AAAAAAAAA and GGCUGGGUUUUUCCUUCGAAAGAAGGUUUUUAUCCCAGUC,0.45,0.19